filename,file_size,file_type,user_priority,time_sensitive,priority_score,file_extension
file.dat,5697752,other,4,immediate,95.03999999999999,.dat
recording_898.ogg,113798,audio,5,background,42.0,.ogg
file.dat,10089,other,5,immediate,120.95999999999998,.dat
proposal.pdf,3201352,document,4,normal,105.6,.pdf
recording.ogg,112338,audio,2,immediate,86.4,.ogg
recording.aac,489337,audio,2,urgent,67.19999999999999,.aac
call_620.ogg,267263,audio,1,flexible,28.8,.ogg
picture.bmp,1971563,image,5,flexible,73.92,.bmp
photo.jpg,8801741,image,2,urgent,73.92,.jpg
training_64.avi,96191899,video,1,urgent,25.2,.avi
recording_633.wav,134935647,audio,2,background,18.0,.wav
voicemail.aac,825166,audio,4,immediate,129.6,.aac
compressed.7z,40211,archive,2,background,9.600000000000001,.7z
api.js,63473,code,5,flexible,100.8,.js
immediate_action.pdf,234950,emergency,3,background,60.0,.pdf
file_638.dat,5700,other,4,normal,57.599999999999994,.dat
asap_request_566.docx,232712,emergency,3,immediate,200.0,.docx
call.flac,2719324,audio,5,normal,77.0,.flac
file.dat,29342,other,2,normal,38.400000000000006,.dat
alert_notification.txt,758567,emergency,3,flexible,96.0,.txt
demo_v3.wmv,16384828,video,1,flexible,14.4,.wmv
guide.doc,1898,document,4,flexible,92.16,.doc
clip.mp4,3950690,video,4,urgent,55.44,.mp4
thumbnail.bmp,136524,image,1,background,21.599999999999998,.bmp
recording.mp4,56548534,video,2,urgent,33.599999999999994,.mp4
emergency_report.doc,29934,emergency,1,flexible,57.6,.doc
api.py,342212,code,3,urgent,125.99999999999999,.py
report.rtf,305382,document,5,immediate,200.0,.rtf
urgent_document_v1.docx,4255,emergency,3,flexible,96.0,.docx
graphic_v6_20250916.bmp,24495,image,4,flexible,69.11999999999999,.bmp
clip_946_v6_20250709.flv,234460514,video,1,urgent,22.679999999999996,.flv
priority_memo_100.pdf,727214,emergency,4,background,72.0,.pdf
movie_v4.flv,1992268330,video,5,flexible,30.24,.flv
clip_601.mp4,93564420,video,5,urgent,58.8,.mp4
file.dat,643283,other,3,normal,48.0,.dat
chart.tiff,10564433,image,1,urgent,50.4,.tiff
file.dat,10160001,other,5,flexible,49.28,.dat
training.mp4,4479834,video,5,normal,46.199999999999996,.mp4
compressed.tar,157483,archive,2,immediate,34.56000000000001,.tar
clip.mp4,6136916,video,2,urgent,36.96,.mp4
file.dat,5879,other,3,immediate,86.4,.dat
manual_102.docx,84463,document,4,urgent,161.27999999999997,.docx
critical_analysis.txt,1069,emergency,3,background,60.0,.txt
audio_369_20251116.mp3,59352674,audio,4,flexible,48.0,.mp3
logo.png,21935003,image,1,background,18.0,.png
podcast.aac,112730,audio,3,urgent,84.0,.aac
manual.odt,26007,document,4,normal,115.19999999999999,.odt
file.dat,21101,other,4,urgent,80.63999999999999,.dat
source_v3.css,634548,code,2,flexible,57.6,.css
emergency_report.doc,85713,emergency,5,normal,168.0,.doc
backup_840.tar,455519328,archive,1,urgent,15.119999999999997,.tar
training.avi,198352123,video,3,normal,27.0,.avi
specification.pdf,500817,document,4,urgent,161.27999999999997,.pdf
file.dat,19423392,other,5,normal,56.0,.dat
code_v9.js,83411,code,1,normal,54.0,.js
code_916.cpp,687809,code,2,background,36.0,.cpp
file.dat,14783527,other,4,immediate,86.4,.dat
logo.gif,14368971,image,4,flexible,57.6,.gif
document.odt,129119,document,2,normal,76.80000000000001,.odt
data_export.gz,52649,archive,1,background,7.199999999999999,.gz
summary.rtf,7016,document,4,flexible,92.16,.rtf
graphic.bmp,2855412,image,1,flexible,31.680000000000003,.bmp
interview.aac,1207252,audio,2,immediate,79.20000000000002,.aac
banner.tiff,28468424,image,2,normal,48.0,.tiff
backup.gz,117227,archive,1,immediate,25.919999999999998,.gz
guide_478.pdf,81118485,document,1,normal,48.0,.pdf
file_99_v5.dat,198645,other,3,background,24.0,.dat
conference_521.mov,1624287284,video,4,immediate,58.32,.mov
function.css,4014,code,1,immediate,97.2,.css
alert_notification_784.pdf,2306,emergency,5,normal,168.0,.pdf
immediate_action_v7.docx,5925,emergency,4,normal,144.0,.docx
diagram.jpg,7031556,image,2,immediate,95.04,.jpg
priority_memo_414.txt,3131967,emergency,5,immediate,200.0,.txt
manual.doc,13224,document,2,background,38.400000000000006,.doc
data_export_146_v4.gz,3043,archive,2,normal,19.200000000000003,.gz
library.py,2362979,code,5,background,57.74999999999999,.py
emergency_report.txt,3461894,emergency,3,flexible,88.00000000000001,.txt
document.pdf,7449556,document,2,immediate,126.72000000000001,.pdf
picture.jpeg,30697023,image,4,background,36.0,.jpeg
demo_20250718.mov,1620755327,video,2,flexible,17.28,.mov
api.java,1014889,code,5,normal,125.99999999999999,.java
specification.docx,2524,document,4,background,57.599999999999994,.docx
recording_20251031.mov,95934951,video,4,background,18.0,.mov
specification_790.rtf,41527,document,1,normal,57.599999999999994,.rtf
recording.avi,328124103,video,5,normal,37.8,.avi
report.doc,245135,document,1,background,28.799999999999997,.doc
document_v4.txt,3781,document,5,immediate,200.0,.txt
conference.flv,1025609340,video,5,normal,37.8,.flv
picture_408.bmp,43135744,image,2,urgent,67.19999999999999,.bmp
script.java,1221174,code,4,immediate,178.20000000000002,.java
training_v1_20250226.wmv,361473047,video,4,flexible,25.92,.wmv
contract.doc,1306707,document,4,normal,105.6,.doc
training.wmv,8523438,video,3,flexible,26.400000000000002,.wmv
file.dat,24339,other,4,immediate,103.67999999999999,.dat
crisis_management.pdf,95625,emergency,4,background,72.0,.pdf
voicemail.flac,467418,audio,2,background,24.0,.flac
music.ogg,10618756,audio,1,background,15.0,.ogg
music_459_v5.aac,5305066,audio,1,normal,33.0,.aac
clip_303.flv,11544972,video,5,normal,42.0,.flv
music.aac,180004008,audio,1,background,13.5,.aac
conference.webm,1195961,video,3,background,16.5,.webm
presentation_v5.mp4,49081597,video,2,flexible,19.200000000000003,.mp4
code.css,2966,code,5,urgent,176.39999999999998,.css
data_export.rar,1198,archive,3,immediate,43.2,.rar
bundle.rar,5391,archive,5,normal,33.599999999999994,.rar
asap_request_818.txt,71950,emergency,2,immediate,172.8,.txt
graphic.bmp,27515300,image,5,normal,84.0,.bmp
emergency_report_32.pdf,8202127,emergency,2,urgent,123.20000000000002,.pdf
presentation.pdf,48813,document,3,immediate,172.8,.pdf
interview_691.wav,125032983,audio,4,background,27.0,.wav
compressed.tar,16757,archive,2,flexible,15.360000000000003,.tar
picture_v3.jpg,41551036,image,1,normal,36.0,.jpg
bundle_662_v4.7z,572866992,archive,5,urgent,35.279999999999994,.7z
analysis.doc,41404298,document,1,urgent,67.19999999999999,.doc
guide.rtf,116615,document,3,immediate,172.8,.rtf
screenshot.bmp,21326,image,4,immediate,155.51999999999998,.bmp
package.zip,20398,archive,2,flexible,15.360000000000003,.zip
audio_695_v5.aac,4725923,audio,2,normal,44.00000000000001,.aac
document_973.pdf,3198340,document,1,urgent,73.91999999999999,.pdf
urgent_document_764.pdf,2589339,emergency,2,flexible,70.40000000000002,.pdf
file_689_v5.dat,2515,other,5,background,33.599999999999994,.dat
podcast_502_v3.wav,30674554,audio,5,normal,70.0,.wav
file_v7.dat,80274,other,5,immediate,120.95999999999998,.dat
clip.flv,2029747428,video,4,urgent,45.35999999999999,.flv
emergency_report.docx,17774044,emergency,5,urgent,196.0,.docx
asap_request.pdf,4965,emergency,3,immediate,200.0,.pdf
archive.tar,1458,archive,2,normal,19.200000000000003,.tar
document.txt,4783,document,1,background,28.799999999999997,.txt
training.flv,69407445,video,3,normal,30.0,.flv
recording_184.webm,861618366,video,2,immediate,38.88,.webm
guide_881.odt,120236,document,5,immediate,200.0,.odt
archive.gz,3942,archive,4,urgent,40.31999999999999,.gz
critical_analysis.doc,3322072,emergency,5,normal,154.0,.doc
conference.mov,41291526,video,3,flexible,24.0,.mov
program.py,3093,code,4,normal,108.0,.py
diagram.gif,9644524,image,5,urgent,129.35999999999999,.gif
file_9.dat,13184659,other,2,flexible,25.6,.dat
voicemail_285.flac,103231,audio,1,immediate,64.8,.flac
sound_20250729.flac,138840086,audio,2,normal,36.0,.flac
manual.docx,23835,document,2,flexible,61.44000000000001,.docx
clip_20250616.flv,256091347,video,3,normal,27.0,.flv
data_export.gz,379180399,archive,4,normal,21.599999999999998,.gz
banner_20241118.bmp,28911,image,3,immediate,129.6,.bmp
chart.bmp,29533926,image,2,normal,48.0,.bmp
music_344.mp3,104319,audio,3,immediate,108.0,.mp3
code.html,3450,code,4,normal,108.0,.html
priority_memo_815_v2.doc,578034,emergency,1,flexible,57.6,.doc
deadline_urgent_v6.doc,7093,emergency,1,background,36.0,.doc
graphic_v7.jpg,18933,image,1,normal,43.199999999999996,.jpg
audio_648_v4_20250210.aac,17422509,audio,1,immediate,54.0,.aac
report.rtf,7155,document,5,urgent,188.15999999999997,.rtf
summary_13_v6.txt,1414,document,1,immediate,103.67999999999999,.txt
logo_436.bmp,8965098,image,3,flexible,52.800000000000004,.bmp
recording_v5_20250201.mp3,150725,audio,5,urgent,117.6,.mp3
guide.pdf,97299273,document,1,urgent,67.19999999999999,.pdf
alert_notification.txt,2755766,emergency,3,urgent,154.0,.txt
graphic_897.jpeg,194663,image,2,background,28.8,.jpeg
file.dat,48930,other,3,immediate,86.4,.dat
backup_325.gz,74353,archive,3,immediate,43.2,.gz
bundle_v1.rar,1385,archive,3,background,12.0,.rar
immediate_action.txt,2985,emergency,3,immediate,200.0,.txt
file.dat,25330154,other,2,normal,32.0,.dat
video_282_20241201.avi,46114848,video,3,flexible,24.0,.avi
api.js,103007,code,1,immediate,97.2,.js
file.dat,2188950,other,3,normal,44.0,.dat
script_943.java,44677,code,4,background,54.0,.java
tutorial.mov,21532175,video,5,background,21.0,.mov
file_713_v4.dat,9032,other,3,urgent,67.19999999999999,.dat
presentation_151.docx,3210354,document,1,background,26.4,.docx
function_v4.css,158084,code,1,immediate,97.2,.css
crisis_management.doc,20443,emergency,2,flexible,76.80000000000001,.doc
meeting_727_v3.ogg,39912300,audio,1,flexible,24.0,.ogg
conference.wmv,978132419,video,2,immediate,38.88,.wmv
conference.wmv,25224484,video,5,urgent,58.8,.wmv
specification.pdf,716404,document,3,flexible,76.80000000000001,.pdf
logo.tiff,269845,image,4,urgent,120.95999999999998,.tiff
graphic.tiff,193977,image,1,immediate,77.75999999999999,.tiff
music_v8.aac,127139741,audio,3,immediate,81.0,.aac
deadline_urgent.docx,22573510,emergency,5,urgent,196.0,.docx
code_808.html,52502,code,2,immediate,129.6,.html
chart.gif,599253,image,2,immediate,103.68,.gif
recording.webm,893008166,video,1,urgent,22.679999999999996,.webm
recording.flv,24255601,video,4,background,18.0,.flv
archive_v8.rar,4952428,archive,1,immediate,23.759999999999998,.rar
podcast_525.mp3,134117320,audio,1,urgent,37.8,.mp3
file.dat,693766,other,4,urgent,80.63999999999999,.dat
crisis_management_v3.doc,9719110,emergency,5,flexible,123.2,.doc
script.html,6776,code,2,urgent,100.8,.html
bundle_626.gz,1197,archive,1,immediate,25.919999999999998,.gz
file.dat,403820,other,4,flexible,46.08,.dat
program_20250427.html,1693,code,4,flexible,86.4,.html
demo.webm,1094533,video,1,urgent,27.72,.webm
banner.bmp,60354,image,4,background,43.199999999999996,.bmp
interview.aac,65875573,audio,2,background,20.0,.aac
sound.aac,135801,audio,5,urgent,117.6,.aac
conference.webm,499975564,video,4,immediate,58.32,.webm
critical_analysis_20250810.docx,1571033,emergency,1,background,33.0,.docx
source_code_v6.tar,175625,archive,3,urgent,33.599999999999994,.tar
program_211.cpp,150615,code,3,urgent,125.99999999999999,.cpp
interview.wav,709565,audio,3,normal,60.0,.wav
function.py,3455429,code,5,normal,115.49999999999999,.py
file_v5.dat,1683257,other,3,immediate,79.2,.dat
website_v5.css,2985,code,1,normal,54.0,.css
compressed_731.rar,266636226,archive,2,immediate,25.92,.rar
code.css,2378145,code,4,background,49.5,.css
call.wav,3823531,audio,3,immediate,99.00000000000001,.wav
crisis_management.txt,59654,emergency,2,flexible,76.80000000000001,.txt
website_530_v6_20250903.py,235133,code,3,flexible,72.0,.py
chart_v8_20250609.jpg,17682,image,5,normal,100.8,.jpg
voicemail.aac,2133458,audio,2,background,22.000000000000004,.aac
asap_request_957_v1.doc,1932,emergency,4,urgent,200.0,.doc
recording.wav,10394366,audio,1,flexible,26.400000000000002,.wav
file_541.dat,4403,other,1,background,14.399999999999999,.dat
file.dat,3144795,other,2,flexible,28.160000000000004,.dat
music_v1.flac,10653182,audio,4,urgent,84.0,.flac
api_610.html,38367,code,3,normal,90.0,.html
recording_v7.mov,74804811,video,3,background,15.0,.mov
presentation_v9.mov,36737495,video,1,flexible,14.4,.mov
project_files_243_v1.7z,2840,archive,3,immediate,43.2,.7z
emergency_report_20251024.docx,91736,emergency,2,immediate,172.8,.docx
tutorial.avi,1304433210,video,4,background,16.2,.avi
backup.7z,389448080,archive,1,immediate,19.439999999999998,.7z
sound_20250604.wav,13154986,audio,3,flexible,40.0,.wav
archive_937.zip,3918751,archive,1,urgent,18.479999999999997,.zip
immediate_action_v9.docx,15015026,emergency,2,urgent,112.0,.docx
recording_v3.flv,6238873,video,2,normal,26.400000000000002,.flv
archive_983_v7.zip,45353973,archive,2,background,8.0,.zip
logo.png,59785,image,3,immediate,129.6,.png
package_830.zip,161084786,archive,1,immediate,19.439999999999998,.zip
file.dat,7778,other,4,urgent,80.63999999999999,.dat
asap_request.docx,1615,emergency,3,immediate,200.0,.docx
recording.aac,10543177,audio,5,flexible,56.0,.aac
clip.flv,576837529,video,2,urgent,30.24,.flv
photo.png,8692891,image,1,immediate,71.28,.png
training_v7.flv,1228919342,video,5,background,18.9,.flv
guide_29.odt,4346,document,4,background,57.599999999999994,.odt
diagram_v5.gif,88401,image,2,normal,57.6,.gif
tutorial.webm,7304344,video,4,background,19.8,.webm
call.ogg,14230197,audio,5,urgent,98.0,.ogg
voicemail.wav,114036770,audio,3,flexible,36.0,.wav
graphic_829.png,720569,image,5,flexible,80.64,.png
contract.doc,4020124,document,5,urgent,172.47999999999996,.doc
tutorial.wmv,1242460,video,3,flexible,26.400000000000002,.wmv
sound_165.wav,762929,audio,5,normal,84.0,.wav
source_code_748_v9.zip,74600134,archive,5,urgent,39.199999999999996,.zip
file.dat,90891306,other,4,urgent,67.19999999999999,.dat
file_20241204.dat,76646174,other,2,flexible,25.6,.dat
graphic_v8.jpeg,498898,image,3,flexible,57.6,.jpeg
proposal_v7.odt,1342,document,3,immediate,172.8,.odt
chart_160_v5_20241229.jpg,337602,image,3,flexible,57.6,.jpg
file.dat,3520,other,5,flexible,53.75999999999999,.dat
file_v5.dat,9170,other,5,normal,67.19999999999999,.dat
library_271.java,19855,code,5,immediate,200.0,.java
conference_454.wmv,1515877994,video,5,urgent,52.919999999999995,.wmv
file_v8.dat,143003,other,2,urgent,53.760000000000005,.dat
document_v5.txt,13519,document,2,background,38.400000000000006,.txt
recording.wmv,7646446,video,3,flexible,26.400000000000002,.wmv
priority_memo_v7.pdf,1236088,emergency,2,normal,88.00000000000001,.pdf
application_20250215.js,2316,code,5,normal,125.99999999999999,.js
movie.mov,3774723,video,4,normal,39.6,.mov
backup.rar,26314473,archive,5,background,14.0,.rar
recording.aac,14016427,audio,2,background,20.0,.aac
module.java,55847,code,1,urgent,75.6,.java
file.dat,7318,other,4,immediate,103.67999999999999,.dat
deadline_urgent_941.doc,2975,emergency,5,urgent,200.0,.doc
picture.jpg,1021431,image,4,immediate,155.51999999999998,.jpg
emergency_report.doc,296395,emergency,3,background,60.0,.doc
specification_1.pdf,1812106,document,4,normal,105.6,.pdf
logo_v7.png,6349301,image,4,immediate,142.56,.png
priority_memo_213_v3.pdf,18978,emergency,5,normal,168.0,.pdf
graphic_809.gif,19338430,image,5,flexible,67.2,.gif
file.dat,3631,other,5,urgent,94.07999999999998,.dat
podcast.ogg,7287808,audio,2,urgent,61.60000000000001,.ogg
report_106.doc,327140,document,2,background,38.400000000000006,.doc
asap_request.docx,187384,emergency,3,flexible,96.0,.docx
proposal_v5.txt,21367,document,5,urgent,188.15999999999997,.txt
compressed_20250129.7z,137710872,archive,3,urgent,25.2,.7z
file.dat,3552407,other,4,normal,52.8,.dat
code_v3.cpp,1647818,code,3,urgent,115.49999999999999,.cpp
urgent_document_v3.docx,4195,emergency,5,flexible,134.4,.docx
source.java,284910,code,4,immediate,194.4,.java
script_208_v6.html,22653,code,3,background,45.0,.html
website.java,301830,code,5,urgent,176.39999999999998,.java
tutorial_98.webm,21811908,video,1,flexible,14.4,.webm
proposal.odt,58753971,document,3,immediate,144.0,.odt
manual_24_20250417.pdf,38059,document,4,immediate,200.0,.pdf
interview.mp3,4451417,audio,4,flexible,52.800000000000004,.mp3
interview.mp3,40303778,audio,4,flexible,48.0,.mp3
source_code.rar,2236017,archive,3,immediate,39.6,.rar
file.dat,3988,other,4,background,28.799999999999997,.dat
guide.rtf,4019318,document,4,flexible,84.48,.rtf
photo.png,199116,image,2,background,28.8,.png
logo.gif,162947,image,4,normal,86.39999999999999,.gif
conference_v5.avi,14094559,video,5,flexible,33.6,.avi
movie.avi,6945527,video,4,flexible,31.680000000000003,.avi
website_302_v6_20250513.java,3181130,code,1,flexible,39.6,.java
asap_request.doc,3872552,emergency,5,flexible,123.2,.doc
manual.rtf,1936,document,2,background,38.400000000000006,.rtf
data_export.tar,723614605,archive,2,immediate,25.92,.tar
music_v2.flac,217905,audio,1,flexible,28.8,.flac
clip.avi,1518088,video,2,immediate,47.52,.avi
sound_v6.ogg,22014158,audio,5,urgent,98.0,.ogg
backup.rar,66012921,archive,5,flexible,22.400000000000002,.rar
picture.gif,9384851,image,3,background,33.0,.gif
file_751.dat,11600936,other,4,urgent,67.19999999999999,.dat
graphic_620.jpeg,6136241,image,1,background,19.8,.jpeg
recording_187.mp3,22410101,audio,4,immediate,108.0,.mp3
conference.wmv,231207708,video,5,immediate,68.03999999999999,.wmv
document_485.odt,433384,document,4,immediate,200.0,.odt
script.js,1291656,code,4,flexible,79.2,.js
picture_547.bmp,780084,image,5,normal,100.8,.bmp
api.css,1159857,code,5,flexible,92.39999999999999,.css
voicemail.mp3,206523,audio,3,normal,60.0,.mp3
video.flv,1102058,video,1,normal,19.8,.flv
chart_v2.tiff,441183,image,3,background,36.0,.tiff
archive.rar,1201,archive,1,flexible,11.52,.rar
contract_160.docx,2544,document,4,immediate,200.0,.docx
thumbnail.gif,2362325,image,5,background,46.199999999999996,.gif
training.flv,4668313,video,4,immediate,71.28,.flv
interview_595.aac,11061506,audio,5,urgent,98.0,.aac
specification_976.pdf,51365069,document,3,flexible,64.0,.pdf
movie_v8.avi,342478529,video,4,urgent,45.35999999999999,.avi
guide_479.doc,50311292,document,5,urgent,156.79999999999998,.doc
analysis.pdf,34492,document,1,urgent,80.63999999999999,.pdf
image_v4_20250112.png,251678,image,1,normal,43.199999999999996,.png
conference_20250801.webm,3680633,video,5,background,23.099999999999998,.webm
music.wav,1476577,audio,3,immediate,99.00000000000001,.wav
compressed_661.7z,1535,archive,1,background,7.199999999999999,.7z
source_code.tar,4217286,archive,3,immediate,39.6,.tar
document_574.odt,3324,document,4,immediate,200.0,.odt
audio_665.aac,11346070,audio,1,immediate,54.0,.aac
tutorial_517_v4.mp4,1668490750,video,3,flexible,21.6,.mp4
image_v4.tiff,1455345,image,5,immediate,166.32,.tiff
compressed.7z,5063281,archive,1,flexible,10.56,.7z
call.wav,3746096,audio,1,normal,33.0,.wav
training_662.webm,2298746,video,5,urgent,64.67999999999999,.webm
clip_974_v5.webm,2266203,video,5,urgent,64.67999999999999,.webm
thumbnail.gif,610978,image,5,background,50.4,.gif
compressed.zip,42279,archive,5,immediate,60.47999999999999,.zip
file_627.dat,2360439,other,5,background,30.799999999999997,.dat
file.dat,91245024,other,1,normal,24.0,.dat
training.webm,71652025,video,2,normal,24.0,.webm
archive_v6.zip,11347133,archive,3,normal,20.0,.zip
meeting.aac,2172497,audio,3,urgent,77.0,.aac
recording_634.webm,315464961,video,1,normal,16.2,.webm
training_v7.mov,23883247,video,3,flexible,24.0,.mov
audio.flac,10192001,audio,5,background,38.5,.flac
program_20251110.css,1911,code,2,urgent,100.8,.css
diagram_61.tiff,180908,image,3,urgent,100.8,.tiff
file_927.dat,27666538,other,1,immediate,43.2,.dat
data_export.zip,1887,archive,5,normal,33.599999999999994,.zip
file_214.dat,1718872,other,5,flexible,49.28,.dat
screenshot_403.jpg,4815304,image,4,urgent,110.88,.jpg
document.odt,2146577,document,3,normal,88.0,.odt
demo.wmv,34200595,video,3,flexible,24.0,.wmv
file.dat,19884,other,3,flexible,38.400000000000006,.dat
video_462.webm,1876913,video,1,immediate,35.64,.webm
graphic.png,2394522,image,1,flexible,31.680000000000003,.png
banner.tiff,24600,image,5,normal,100.8,.tiff
file.dat,150028,other,5,immediate,120.95999999999998,.dat
file.dat,908855,other,1,urgent,40.31999999999999,.dat
library.js,232828,code,3,background,45.0,.js
immediate_action.txt,1703,emergency,3,background,60.0,.txt
immediate_action.pdf,11533008,emergency,3,immediate,180.0,.pdf
api_699.css,549079,code,1,flexible,43.2,.css
summary.odt,2924,document,5,immediate,200.0,.odt
voicemail_460.mp3,187423933,audio,4,urgent,75.6,.mp3
backup_460_v8.gz,113286,archive,5,flexible,26.879999999999995,.gz
photo.tiff,5680660,image,2,flexible,42.24000000000001,.tiff
data_export.7z,41677,archive,2,flexible,15.360000000000003,.7z
archive.rar,607431,archive,5,immediate,60.47999999999999,.rar
analysis.docx,19080,document,4,flexible,92.16,.docx
file.dat,69428,other,1,immediate,51.839999999999996,.dat
file_52.dat,15465,other,3,normal,48.0,.dat
graphic_347.jpg,17215,image,3,immediate,129.6,.jpg
backup.7z,1067780956,archive,3,background,9.0,.7z
logo.tiff,22953342,image,4,urgent,100.8,.tiff
immediate_action_350_v7.pdf,118905,emergency,4,flexible,115.2,.pdf
file_335.dat,297811,other,1,normal,28.799999999999997,.dat
archive_v5.gz,2303,archive,4,normal,28.799999999999997,.gz
call.flac,28510342,audio,1,normal,30.0,.flac
data_export.tar,186661,archive,5,immediate,60.47999999999999,.tar
file_400.dat,99233,other,5,flexible,53.75999999999999,.dat
call_699_v6.ogg,884906,audio,3,immediate,108.0,.ogg
music.wav,10888071,audio,2,flexible,32.0,.wav
backup_782.tar,15279,archive,3,urgent,33.599999999999994,.tar
alert_notification.txt,5141,emergency,1,immediate,129.6,.txt
data_export_786.zip,3863258,archive,1,background,6.6,.zip
project_files_v5.zip,18333,archive,5,urgent,47.03999999999999,.zip
asap_request_115_20250818.docx,1132915,emergency,5,background,77.0,.docx
priority_memo_20250216.doc,1967551,emergency,4,background,66.0,.doc
presentation_v1.mov,78047378,video,5,normal,42.0,.mov
demo_20250116.mp4,995536960,video,1,immediate,29.16,.mp4
manual.doc,83730,document,2,flexible,61.44000000000001,.doc
urgent_document_557_20251002.pdf,174016,emergency,2,flexible,76.80000000000001,.pdf
urgent_document.pdf,869892,emergency,2,background,48.0,.pdf
manual_v8.doc,554511,document,2,immediate,138.24000000000004,.doc
priority_memo_516.pdf,5192275,emergency,4,background,66.0,.pdf
crisis_management.pdf,3863,emergency,5,background,84.0,.pdf
audio.flac,187098725,audio,2,background,18.0,.flac
file_32_v7.dat,562616,other,1,background,14.399999999999999,.dat
podcast_946_v9_20241206.ogg,13763089,audio,5,normal,70.0,.ogg
chart.gif,9197517,image,1,background,19.8,.gif
manual_v7.pdf,47776614,document,4,background,48.0,.pdf
diagram_v4.jpg,45736134,image,3,flexible,48.0,.jpg
script_v5.java,3275,code,2,immediate,129.6,.java
report.doc,9193,document,2,flexible,61.44000000000001,.doc
interview_20250511.wav,249079,audio,1,normal,36.0,.wav
file_20250112.dat,14528217,other,5,urgent,78.39999999999999,.dat
recording.mp4,521781885,video,2,immediate,38.88,.mp4
interview.mp3,6110734,audio,3,immediate,99.00000000000001,.mp3
critical_analysis_765_v4.docx,2057761,emergency,4,flexible,105.60000000000001,.docx
diagram.bmp,33504480,image,5,flexible,67.2,.bmp
logo_300.jpg,172797,image,3,flexible,57.6,.jpg
file.dat,89596290,other,1,flexible,19.200000000000003,.dat
presentation.doc,32288047,document,1,urgent,67.19999999999999,.doc
recording_20250301.mp3,6034837,audio,1,normal,33.0,.mp3
photo_115.gif,894693,image,3,normal,72.0,.gif
deadline_urgent_v4.docx,284763,emergency,5,immediate,200.0,.docx
training.flv,12012802,video,2,background,12.0,.flv
backup.7z,2825472,archive,1,flexible,10.56,.7z
logo.gif,32004869,image,2,urgent,67.19999999999999,.gif
recording.ogg,4896497,audio,2,background,22.000000000000004,.ogg
conference.flv,1888308,video,4,flexible,31.680000000000003,.flv
audio_307_v1.wav,89101834,audio,5,immediate,126.0,.wav
training_220.flv,58577265,video,3,urgent,42.0,.flv
module_24_v4.html,2474,code,2,flexible,57.6,.html
file.dat,639089,other,3,normal,48.0,.dat
specification_996.doc,269627,document,5,normal,134.39999999999998,.doc
voicemail.flac,4709079,audio,4,immediate,118.8,.flac
api.java,4985,code,3,urgent,125.99999999999999,.java
music_501_v2.wav,130885,audio,5,background,42.0,.wav
file_500.dat,482646,other,3,background,24.0,.dat
project_files.rar,227735879,archive,5,immediate,45.36,.rar
urgent_document.doc,10765128,emergency,2,flexible,64.0,.doc
presentation_3.pdf,63408302,document,2,normal,64.0,.pdf
proposal.docx,104730876,document,1,background,24.0,.docx
alert_notification.pdf,51167531,emergency,3,flexible,80.0,.pdf
presentation.mp4,2781090,video,5,background,23.099999999999998,.mp4
file_519.dat,24690,other,1,normal,28.799999999999997,.dat
image_965.jpg,646469,image,4,immediate,155.51999999999998,.jpg
recording_399.mov,2104406,video,4,immediate,71.28,.mov
website_v2.html,8972,code,3,urgent,125.99999999999999,.html
report_30.rtf,42839,document,2,immediate,138.24000000000004,.rtf
analysis_385.doc,10794878,document,4,background,48.0,.doc
api.py,17403,code,5,urgent,176.39999999999998,.py
analysis.rtf,20790,document,3,normal,96.0,.rtf
demo_923.webm,46484653,video,3,background,15.0,.webm
file.dat,380215,other,1,immediate,51.839999999999996,.dat
data_export.gz,16123343,archive,5,immediate,50.4,.gz
clip.flv,987874631,video,2,background,10.8,.flv
sound.wav,9875574,audio,3,flexible,44.00000000000001,.wav
deadline_urgent.doc,4416369,emergency,5,urgent,200.0,.doc
interview.ogg,133403,audio,2,immediate,86.4,.ogg
contract.odt,11236,document,3,immediate,172.8,.odt
urgent_document.txt,1293,emergency,1,urgent,100.8,.txt
file_126_20250119.dat,10386,other,3,background,24.0,.dat
photo_969.tiff,787094,image,1,urgent,60.47999999999999,.tiff
file_v7_20250607.dat,23799673,other,4,flexible,38.400000000000006,.dat
project_files.zip,1934347,archive,4,flexible,21.12,.zip
asap_request_v4.pdf,10415,emergency,3,flexible,96.0,.pdf
project_files_527.tar,175945107,archive,1,urgent,15.119999999999997,.tar
proposal_20250820.txt,828661,document,2,background,38.400000000000006,.txt
specification.odt,41414,document,1,normal,57.599999999999994,.odt
tutorial_734.mp4,6349718,video,2,background,13.200000000000001,.mp4
tutorial_v3.mov,31139555,video,3,immediate,54.0,.mov
screenshot_842.jpeg,28006445,image,3,urgent,84.0,.jpeg
backup_482.rar,599024196,archive,1,urgent,15.119999999999997,.rar
clip.webm,442744173,video,2,normal,21.6,.webm
graphic.bmp,488239,image,4,urgent,120.95999999999998,.bmp
priority_memo.pdf,378056,emergency,1,normal,72.0,.pdf
program.js,2873264,code,4,flexible,79.2,.js
module.css,2549484,code,5,background,57.74999999999999,.css
project_files.gz,1855,archive,3,urgent,33.599999999999994,.gz
immediate_action.txt,142066,emergency,3,flexible,96.0,.txt
specification_v3.pdf,76765486,document,1,background,24.0,.pdf
file_349.dat,451350,other,2,background,19.200000000000003,.dat
file.dat,50383508,other,2,background,16.0,.dat
proposal_24.doc,9903,document,1,background,28.799999999999997,.doc
manual_239.pdf,32638740,document,2,background,32.0,.pdf
bundle.rar,10780532,archive,4,normal,24.0,.rar
emergency_report.txt,11388,emergency,3,normal,120.0,.txt
crisis_management_561.pdf,490779,emergency,5,normal,168.0,.pdf
backup_93_v9.tar,480734,archive,3,background,12.0,.tar
contract.doc,38814,document,2,flexible,61.44000000000001,.doc
graphic_443.jpg,2687616,image,5,background,46.199999999999996,.jpg
bundle_v7.7z,8480346,archive,2,immediate,31.680000000000003,.7z
recording.mp3,1524043,audio,4,flexible,52.800000000000004,.mp3
package.tar,237140238,archive,4,immediate,38.879999999999995,.tar
music.flac,7641651,audio,1,urgent,46.199999999999996,.flac
clip.mov,1292232809,video,4,urgent,45.35999999999999,.mov
library.java,5456122,code,5,background,57.74999999999999,.java
presentation_837.doc,21665823,document,1,normal,48.0,.doc
voicemail.mp3,23414069,audio,2,flexible,32.0,.mp3
bundle.gz,53540,archive,1,immediate,25.919999999999998,.gz
clip.webm,9517243,video,5,normal,46.199999999999996,.webm
call.wav,77756063,audio,3,background,25.0,.wav
file.dat,4155587,other,1,background,13.2,.dat
website.css,25013,code,4,urgent,151.2,.css
analysis_506_20250511.docx,42226767,document,3,normal,80.0,.docx
